{"ID":null,"componentData":{},"infoDict":{"Player-10":{"personalID":"Player-10","serializedData":"{\"health\":9999,\"maxHealth\":9999,\"credits\":673,\"items\":[]}"}},"serializedPlayers":"[{\"pos\":{\"x\":479.917328,\"y\":12.81472,\"z\":-648.7531},\"rot\":{\"w\":-0.1963697,\"x\":-3.7252903E-09,\"y\":-0.980529964,\"z\":0.0},\"ID\":\"fred\",\"personalID\":\"Player-10\"}]","location":{"x":470.5026,"y":4.83613825,"z":-675.488037},"rotation":{"w":0.980859,"x":0.09434629,"y":0.169236481,"z":0.0193248149}}